the,769
of,615
and,583
music,507
a,333
in,296
to,260
or,195
as,176
is,173
The,119
Music,112
from,107
by,104
on,102
with,96
that,95
musical,94
are,92
for,90
In,79
such,79
which,64
an,63
be,62
was,51
have,49
were,44
may,44
their,43
instruments,43
classical,42
also,42
often,42
this,41
many,40
it,40
elements,39
article,38
at,38
A,38
can,38
Archived,37
century,37
th,37
has,36
other,35
Main,35
songs,34
more,34
song,34
composers,32
Western,32
popular,31
â€“,31
different,31
notes,31
s,31
melody,30
used,30
sound,29
styles,29
some,29
musicians,28
form,27
original,26
bands,26
notation,26
Retrieved,26
jazz,26
including,25
not,25
ISBN,24
p,24
piece,23
eg,23
Classical,23
study,22
there,22
period,22
Musical,22
been,21
Baroque,21
era,21
women,21
traditional,21
but,20
most,20
section,20
instrument,20
pitch,20
art,20
one,20
types,20
time,20
when,20
example,20
Oxford,20
bass,19
written,19
new,19
history,19
using,19
singers,19
theory,19
cultures,19
performance,19
Press,19
how,18
its,18
played,18
between,18
they,18
performers,18
include,18
performed,18
rock,17
who,17
instrumental,17
important,16
This,16
University,16
into,16
same,16
note,16
all,16
piano,16
common,16
forms,16
musicology,16
create,15
guitar,15
playing,15
chord,15
called,15
Some,15
these,15
texture,15
October,15
It,14
January,14
parts,14
typically,14
electric,14
For,14
genres,14
sheet,14
composition,14
Romantic,13
style,13
New,13
than,13
Wayback,13
use,13
about,13
needed,13
Greek,13
structure,13
Machine,13
rhythm,13
blues,13
well,12
pop,12
player,12
Dictionary,12
pieces,12
orchestras,12
play,12
timbre,12
only,12
Ancient,12
world,12
traditions,12
two,11
single,11
improvisation,11
scale,11
while,11
could,11
culture,11
C,11
improvised,11
much,11
singing,11
became,11
concert,11
sounds,11
part,11
work,11
during,11
number,11
History,11
religious,10
uses,10
Online,10
social,10
Nettl,10
folk,10
would,10
perform,10
tradition,10
tone,10
World,10
human,10
players,10
make,10
practice,10
What,10
adding,10
word,10
both,10
April,10
improve,10
through,10
field,10
Indian,10
pp,10
string,10
them,10
composer,10
associated,10
major,10
Asia,9
over,9
range,9
Origins,9
changes,9
recordings,9
J,9
harmony,9
dynamics,9
audience,9
though,9
known,9
concerts,9
out,9
individuals,9
December,9
tempo,9
ed,9
do,9
key,9
developed,9
performances,9
education,9
live,9
genre,9
made,9
few,8
take,8
melodies,8
role,8
recording,8
home,8
programs,8
scales,8
Etymology,8
Brown,8
sometimes,8
main,8
universities,8
notated,8
record,8
based,8
down,8
May,8
definition,8
what,8
nonWestern,8
vocal,8
performer,8
sources,8
even,8
arts,8
dance,8
expression,8
three,8
African,8
American,8
chords,8
solo,8
Women,8
people,8
Cognitive,8
Learn,8
links,8
keyboard,8
own,8
M,7
lyrics,7
therapy,7
opera,7
E,7
ancient,7
plays,7
Many,7
India,7
four,7
being,7
like,7
Europe,7
Chinese,7
included,7
D,7
oldest,7
Morley,7
where,7
March,7
help,7
material,7
computer,7
schools,7
those,7
includes,7
meaning,7
does,7
st,7
no,7
cognitive,7
each,7
development,7
commonly,7
PDF,7
template,7
remove,7
information,7
accompaniment,7
large,7
after,7
pitches,7
orchestra,7
learn,7
page,7
Psychology,7
significant,7
works,7
generally,7
small,6
Merker,6
students,6
citations,6
Richard,6
case,6
ethnomusicology,6
memory,6
especially,6
changing,6
Wallin,6
G,6
choirs,6
country,6
symphony,6
Evolutionary,6
II,6
modern,6
strong,6
professional,6
Steven,6
singer,6
sonata,6
emotion,6
degrees,6
September,6
found,6
songwriters,6
Musicology,6
electronic,6
hear,6
lovers,6
defined,6
high,6
thcentury,6
amateur,6
low,6
etc,6
radio,6
cases,6
An,6
February,6
creation,6
lines,6
public,6
sing,6
Form,6
bars,6
recorded,6
organ,6
Indonesian,6
York,6
theories,6
back,6
Charles,6
duration,6
activity,6
With,6
metal,6
first,6
dramatic,6
message,6
entertainment,6
Other,5
UK,5
Timbre,5
symphonies,5
seen,5
As,5
rhythms,5
began,5
composed,5
de,5
free,5
effect,5
Harmony,5
any,5
invention,5
term,5
Rhythm,5
aesthetics,5
psychology,5
JSTOR,5
specifically,5
place,5
F,5
However,5
further,5
rhythmic,5
Further,5
given,5
view,5
colleges,5
church,5
aspects,5
There,5
Catholic,5
usually,5
group,5
Education,5
line,5
John,5
came,5
list,5
China,5
earliest,5
late,5
Internet,5
flute,5
read,5
another,5
effects,5
understanding,5
still,5
culturally,5
beat,5
words,5
widely,5
voice,5
By,5
H,5
rituals,5
subject,5
scholars,5
digital,5
para,5
issues,5
focus,5
Japanese,5
Asian,5
set,5
training,5
whether,5
West,5
activities,5
European,5
so,5
learning,5
general,5
thought,5
scores,5
melodic,5
means,5
origins,5
Society,5
Muses,5
Grove,5
audio,5
August,5
subscription,5
origin,5
South,5
required,5
multiple,5
taught,5
Inc,5
November,5
composing,5
community,5
heard,5
ensembles,5
less,5
system,5
rudimentary,5
order,5
North,5
talk,5
we,5
Pitch,5
Please,5
double,5
Performance,5
without,5
keyboards,5
Musicians,5
complex,5
become,5
early,5
evolution,5
loudness,5
drum,5
then,5
nature,5
Texture,5
listening,4
Mind,4
minor,4
instrumentalists,4
his,4
producers,4
second,4
All,4
When,4
articles,4
tracks,4
violin,4
Cambridge,4
way,4
soloists,4
continued,4
contains,4
Roman,4
records,4
concerto,4
big,4
ornaments,4
creating,4
communication,4
Beethoven,4
proportion,4
if,4
critics,4
influential,4
increasingly,4
lists,4
Psychoacoustics,4
person,4
artistic,4
During,4
explored,4
accompanied,4
expressive,4
perspective,4
writing,4
together,4
easier,4
Medicine,4
CD,4
Even,4
strings,4
later,4
physical,4
Nidel,4
One,4
available,4
language,4
emotional,4
up,4
should,4
needs,4
basic,4
change,4
band,4
YouTube,4
Indonesia,4
favourite,4
groups,4
since,4
chromatic,4
compositions,4
curriculum,4
animals,4
eds,4
increasing,4
Sound,4
countries,4
selection,4
harmonic,4
percussion,4
relationship,4
Nils,4
because,4
course,4
reliable,4
orchestral,4
cognition,4
Unsourced,4
expanded,4
beginning,4
K,4
Bach,4
theatre,4
technology,4
musics,4
mental,4
children,4
musique,4
sung,4
years,4
brass,4
able,4
around,4
helped,4
questions,4
Although,4
element,4
see,4
along,4
closely,4
although,4
Introduction,4
held,4
voices,4
long,4
particular,4
appropriate,4
lessons,4
stringed,4
English,4
Cultural,4
philosophy,4
created,4
techniques,4
dimensions,4
Schubert,4
US,4
present,4
keys,4
science,4
challenged,4
musician,4
National,4
PMID,4
perception,4
variety,4
Neuroscience,4
fugue,4
systems,4
might,4
cannot,4
listeners,4
Elements,4
Laske,4
Ethnomusicology,4
Improvisation,4
making,4
vary,4
East,4
Middle,4
July,4
Journal,4
doi,4
removed,4
refers,4
elementary,4
Egyptian,4
They,4
O,4
Therapy,4
described,4
will,4
purposes,4
across,4
universal,4
Zoomusicology,4
referred,4
arose,4
College,4
institutions,4
·,4
B,4
school,4
individual,4
Expression,4
areas,4
distinction,4
considered,4
offer,4
cultural,4
terms,4
feature,3
introduction,3
Alfred,3
progression,3
function,3
ability,3
studio,3
Harvard,3
continuo,3
branch,3
lute,3
More,3
George,3
notable,3
Franz,3
musicologists,3
broad,3
research,3
basis,3
et,3
discuss,3
lead,3
middle,3
type,3
Publishing,3
Mozart,3
vast,3
longer,3
series,3
These,3
act,3
refer,3
Bali,3
Hindu,3
makes,3
BCE,3
better,3
outside,3
he,3
prerecorded,3
did,3
simple,3
addressed,3
divided,3
fundamental,3
quartets,3
source,3
precisely,3
largely,3
Crawford,3
Dr,3
several,3
features,3
interpretation,3
Since,3
festivals,3
her,3
Huron,3
languages,3
bluegrass,3
systematic,3
contemporary,3
Mathiesen,3
context,3
Anderson,3
Plato,3
musicologist,3
ensemble,3
love,3
production,3
studying,3
had,3
mind,3
Mithen,3
wrote,3
soul,3
sacred,3
short,3
availability,3
having,3
videos,3
Egypt,3
Composers,3
Greece,3
formal,3
refrain,3
environment,3
Jazz,3
layers,3
man,3
S,3
sections,3
times,3
similar,3
United,3
MIT,3
ceremonies,3
emotions,3
Eds,3
Notation,3
L,3
pipe,3
Republic,3
Examples,3
perceptual,3
Anthony,3
States,3
themes,3
BjÃ¶rn,3
Conference,3
Row,3
ASME,3
W,3
Hindi,3
settings,3
reading,3
Professional,3
influence,3
harpsichord,3
P,3
area,3
either,3
Popular,3
increased,3
overall,3
Wagner,3
Companion,3
describe,3
knowledge,3
Empire,3
Scholes,3
online,3
improving,3
Different,3
Singing,3
Dictionarycom,3
said,3
nd,3
chant,3
Australian,3
devices,3
Old,3
Composition,3
ballet,3
cite,3
marching,3
broadcasting,3
sites,3
Concise,3
methods,3
Burton,3
explain,3
Fugue,3
color,3
bar,3
independent,3
our,3
French,3
Latin,3
eventually,3
According,3
addition,3
tonic,3
citation,3
related,3
express,3
Symphony,3
indigenous,3
Language,3
drums,3
too,3
Art,3
took,3
See,3
therapist,3
usage,3
contain,3
Wikipedia,3
division,3
Melody,3
argued,3
medieval,3
Church,3
standard,3
train,3
careers,3
Duchen,3
interrelated,3
Hindustani,3
dominated,3
female,3
various,3
materials,3
done,3
access,3
specific,3
according,3
exploring,3
possible,3
via,3
analysis,3
now,3
Aristoxenus,3
Antiquity,3
He,3
On,3
direct,3
itself,3
Commons,3
class,3
At,3
examples,3
contexts,3
phenomena,3
ie,3
professions,3
led,3
neither,3
society,3
From,3
popularity,3
underrepresented,3
video,3
provides,3
Robert,3
German,3
tune,3
Anatomy,3
Research,3
tuning,3
Melancholy,3
brain,3
disorders,3
philosopher,3
definitions,3
vte,3
monophonic,3
mean,3
phrasing,3
London,3
c,3
cello,3
process,3
just,3
show,3
determined,3
sense,3
Philosophy,3
formed,3
quality,3
additional,3
America,3
teachers,3
likely,3
themselves,3
Romanticism,3
character,3
gongs,3
phrase,3
terminology,3
aiming,3
heavy,3
improvise,3
Media,3
clients,3
hand,3
distributed,3
states,3
before,3
experience,3
primarily,3
academic,3
symphonic,3
worldwide,3
advent,3
While,3
surviving,3
stories,2
behavior,2
press,2
byproduct,2
Oral,2
slightly,2
probably,2
university,2
David,2
Alternative,2
bear,2
best,2
events,2
woodwinds,2
nonreligious,2
Amadeus,2
historical,2
structures,2
aspect,2
planned,2
polyphonic,2
considerably,2
positions,2
identified,2
Schools,2
sciences,2
enjoyment,2
party,2
Psychological,2
pleasure,2
symbols,2
incomplete,2
conductors,2
evidence,2
spread,2
musica,2
highly,2
courts,2
queens,2
clay,2
industry,2
saw,2
vibrant,2
meant,2
fit,2
Cage,2
Publishers,2
tonality,2
Valley,2
aural,2
promoted,2
Past,2
produced,2
Classicism,2
Thomas,2
largest,2
chorus,2
muses,2
day,2
Ages,2
link,2
quartet,2
Wikinews,2
Globe,2
engineers,2
substance,2
conception,2
Japan,2
pulse,2
connection,2
unusual,2
old,2
mousikÃ,2
painting,2
added,2
DJs,2
size,2
Common,2
derives,2
Kingdom,2
centuries,2
Indus,2
generated,2
References,2
Page,2
archaeology,2
Georg,2
develop,2
life,2
modal,2
expansion,2
developmental,2
deities,2
journalists,2
organized,2
Australia,2
concerns,2
conservatories,2
prominently,2
socioeconomic,2
No,2
ways,2
criticism,2
film,2
Academic,2
debate,2
classified,2
unique,2
recovered,2
Joseph,2
private,2
structural,2
Babe,2
Britannica,2
van,2
tablets,2
compose,2
Ludwig,2
discretion,2
femur,2
Broadway,2
Glossary,2
notate,2
Citations,2
simply,2
mixed,2
Notes,2
Such,2
Sheet,2
neural,2
roots,2
agree,2
nor,2
units,2
homophony,2
identify,2
complete,2
chamber,2
linguistic,2
motifs,2
punk,2
intelligence,2
concertos,2
sensory,2
Project,2
Creation,2
chordplaying,2
standardized,2
chordal,2
concerned,2
deep,2
leading,2
Hickmann,2
chime,2
distinct,2
regard,2
tended,2
Asha,2
Though,2
MP,2
Community,2
professionals,2
evolved,2
Wikimedia,2
exactly,2
characterized,2
polyphony,2
greater,2
classifications,2
perceived,2
von,2
Dynasty,2
Wolfgang,2
printing,2
ages,2
Voyager,2
Prehistoric,2
To,2
verification,2
nine,2
Most,2
alternate,2
simpler,2
sectional,2
Toccata,2
emphasized,2
prominent,2
theme,2
performing,2
conductor,2
issue,2
sexual,2
Darwin,2
proposed,2
top,2
inspired,2
disciplines,2
altered,2
images,2
Sociological,2
Die,2
dates,2
image,2
Sources,2
psychoacoustics,2
Norton,2
projects,2
closest,2
defines,2
karaoke,2
musik,2
Instruments,2
compositional,2
Hurrian,2
choruses,2
originally,2
literature,2
marga,2
Perceptual,2
LÃonin,2
famous,2
Institutional,2
simultaneously,2
Harmonika,2
combination,2
edit,2
Amateur,2
Educating,2
Divje,2
requiring,2
le,2
Also,2
Vol,2
Africa,2
qualities,2
Carnatic,2
accessories,2
mathematical,2
theater,2
Basics,2
studies,2
magnetic,2
tour,2
sets,2
You,2
WalkÃ¼re,2
divide,2
content,2
talking,2
playback,2
manipulation,2
functions,2
us,2
PÃrotin,2
increase,2
Scene,2
unrelieved,2
move,2
shifted,2
synth,2
existing,2
External,2
gamelan,2
feelings,2
gender,2
surrounding,2
Terms,2
power,2
understood,2
humanities,2
stated,2
acting,2
speech,2
tapes,2
synthesizers,2
prehistory,2
introduced,2
competing,2
Contents,2
brief,2
diverse,2
precise,2
consumer,2
Noninstitutional,2
evolutionary,2
preserved,2
Bells,2
N,2
topics,2
ideal,2
Wikivoyage,2
orchestrates,2
spontaneously,2
machines,2
eight,2
Jingle,2
Horizons,2
models,2
involve,2
provided,2
add,2
songwriting,2
Don,2
Tapscott,2
Study,2
Williams,2
fMRI,2
OED,2
Recent,2
familiar,2
preferences,2
Hans,2
rather,2
Blues,2
directly,2
last,2
SCID,2
tape,2
aesthetic,2
Wikinomics,2
regular,2
adaptive,2
end,2
received,2
Archaeology,2
psychological,2
instead,2
emphasis,2
doia,2
Zuidema,2
seeks,2
book,2
Philipp,2
carved,2
periods,2
Canned,2
Espie,2
degree,2
teacher,2
rudiments,2
cave,2
articulation,2
variations,2
skills,2
Estrella,2
rondo,2
throughout,2
choices,2
portal,2
represent,2
Mann,2
Arts,2
occurs,2
Giovanni,2
oboe,2
towards,2
underlying,2
involved,2
Publications,2
Peter,2
Massey,2
XXth,2
People,2
Apel,2
Reginald,2
auditory,2
creative,2
Seashore,2
among,2
Percy,2
III,2
processes,2
Gardner,2
secondary,2
poem,2
advanced,2
UKs,2
successful,2
Epperson,2
sociology,2
distinguished,2
thickness,2
suspended,2
schizophrenia,2
Schumann,2
Clara,2
binary,2
Societies,2
media,2
Kahn,2
Evolution,2
Newfoundland,2
tones,2
strophic,2
preparation,2
Survey,2
June,2
very,2
adjusting,2
Co,2
controls,2
Bhosle,2
rap,2
instrumentalist,2
conducting,2
producing,2
Company,2
preexisting,2
until,2
Murray,2
consumers,2
Below,2
calls,2
Two,2
repetition,2
cares,2
Jessica,2
Independent,2
onward,2
sequence,2
Patterns,2
School,2
norm,2
modes,2
technique,2
repertoire,2
mixture,2
others,2
Federation,2
whole,2
help·info,2
always,2
loud,2
des,2
seems,2
ranging,2
beats,2
whereas,2
every,2
write,2
skill,2
Century,2
Websters,2
legato,2
LBjÃ¶rn,2
components,2
basso,2
elemental,2
Litchfield,2
scene,2
call,2
fluctuations,2
musiccitation,2
civilization,2
Texts,2
coming,2
Martin,2
Connexions,2
Letters,2
controlled,2
Foundation,2
halls,2
pictures,2
How,2
commercial,2
Otto,2
alone,2
enough,2
Contributions,2
books,2
tried,2
Song,2
writes,2
Greenwood,2
scholar,2
Lists,2
interpretations,2
Iain,2
sophisticated,2
Role,2
distinctive,2
versions,2
Musique,2
white,2
Renaissance,2
organization,2
PhD,2
manner,2
shift,2
grew,2
gong,2
primary,2
location,2
We,2
extent,2
EncyclopÃ¦dia,2
Royal,2
vibrato,2
ever,2
diseases,2
princes,2
multitrack,2
Book,2
enabled,2
Manhattan,2
changed,2
pot,2
indicates,2
Stoicheia,2
Johann,2
Urban,2
Chicago,2
scientific,2
particularly,2
Kennedy,2
notations,2
nonhuman,2
Center,2
I,2
health,2
organised,2
text,2
studied,2
meter,2
Wikiquote,2
consist,2
interpersonal,2
Young,2
Navigating,2
MerkerSteven,2
version,2
understand,2
participants,2
score,2
Later,2
Stravinsky,2
practical,2
lower,2
writers,2
onto,2
relation,2
Theory,2
varying,2
Roger,2
higher,2
chanting,2
Wikidata,2
Edit,2
n,2
connect,2
problems,2
rites,2
Pop,2
arrangement,2
jam,2
Rock,2
six,2
England,2
comprise,2
living,2
influenced,2
Keil,2
regarding,2
Faculty,2
thus,2
philosophical,2
Guillaume,2
secular,2
describes,2
central,2
distribute,2
host,2
Neanderthals,2
due,2
harmonica,2
richly,2
operas,2
ear,2
Mousa,2
extension,2
icon,2
Michael,2
Privacy,2
claimed,2
disc,2
gradually,2
acoustic,2
musicrelated,2
curriculums,2
library,2
state,2
twelve,2
afford,2
discern,2
clear,2
remained,2
Why,2
VII,2
conditions,2
Mythology,2
doigmoarticle,2
cover,2
Confucius,2
communities,2
Medieval,2
melancholy,2
membership,2
facilitate,2
disabilities,2
producer,2
half,2
Gershwins,2
beauty,2
Early,2
demand,1
agreed,1
Arnold,1
Various,1
differences,1
attending,1
attitudes,1
speculated,1
domination,1
Nigeria,1
aurally,1
handed,1
title,1
logged,1
Identities,1
Canada,1
affected,1
combined,1
Carl,1
sociomusicology,1
official,1
AngloIrish,1
respective,1
Beginning,1
stretching,1
below,1
FoundationPowered,1
Alexander,1
seats,1
Levinson,1
Nattiez,1
monophony,1
stylearticulation,1
popularize,1
determining,1
Christmas,1
bone,1
animates,1
verses,1
meanings,1
abuse,1
upon,1
frequency,1
crash,1
concrÃte,1
Neurobiology,1
try,1
approaches,1
thick,1
outlines,1
noise,1
thump,1
determines,1
Objectification,1
intellect,1
resolves,1
control,1
presented,1
Simple,1
khandan,1
musike,1
matter,1
Small,1
Netherlands,1
water,1
Weasel,1
sounding,1
spiritualâ€”to,1
succession,1
Americas,1
pattern,1
Melodies,1
presentday,1
counterpoint,1
Moodswinger,1
Goes,1
Bebopera,1
surveyed,1
Wikipedias,1
tuba,1
Usually,1
implied,1
cymbal,1
Educationgovuk,1
Hagen,1
Calder,1
Resources,1
consists,1
hearing,1
snare,1
Side,1
musicn,1
properly,1
drummer,1
theorized,1
WikipediaDisclaimersContact,1
distinctivesounding,1
Dauphins,1
lowest,1
navigate,1
substrates,1
sangita,1
shows,1
holed,1
whistling,1
UC,1
Dance,1
piccolo,1
black,1
Meters,1
Aus,1
metric,1
tuned,1
kit,1
Dolmetsch,1
Notable,1
listener,1
exceptions,1
Indigenous,1
exist,1
Gregorian,1
sevenholed,1
measure,1
reveal,1
Woman,1
Red,1
Boldini,1
paid,1
Part,1
perfect,1
areaccording,1
Encyclopedia,1
sufficient,1
workstations,1
sieben,1
rd,1
something,1
Central,1
survive,1
allencompassing,1
shares,1
far,1
collection,1
plaisir,1
revolution,1
jouissance,1
light,1
right,1
Immanuel,1
pronounced,1
Through,1
Fâ™¯,1
spontaneous,1
Prominent,1
Kant,1
nonphilosophers,1
recently,1
canon,1
Permanent,1
Harcourt,1
following,1
ternary,1
Incidental,1
air,1
Donate,1
listed,1
taken,1
connotation,1
percussionists,1
EEG,1
Where,1
Seuil,1
readily,1
broken,1
borrow,1
Digital,1
Bagatelle,1
impromptu,1
Messiah,1
AcrobaticsBalletCircus,1
launched,1
regime,1
patriotic,1
attention,1
SiuLan,1
regulated,1
socialized,1
functional,1
fusion,1
affect,1
Cheesecake,1
differently,1
philosophic,1
incite,1
presided,1
Therefore,1
locations,1
houses,1
believed,1
approximately,1
harmonization,1
glossary,1
ballets,1
intermediatelevel,1
paleolithic,1
heaven,1
adjustment,1
aims,1
cassette,1
Morton,1
Mass,1
besides,1
capacity,1
issuecitation,1
Navigation,1
contributions,1
loved,1
Kivy,1
court,1
musikk,1
Scruton,1
Stephen,1
Davies,1
Hanslick,1
standalone,1
Partch,1
representation,1
Norwegian,1
Wilkinson,1
serpent,1
pianists,1
Articulation,1
La,1
scholarship,1
Monte,1
St,1
Age,1
Yogyakarta,1
plainsong,1
Webster,1
exploration,1
envelope,1
Transactions,1
equalizer,1
standards,1
distortion,1
hip,1
firm,1
pedals,1
Hammond,1
drawbars,1
aptitude,1
substantially,1
spectrum,1
ritardando,1
proposes,1
forte,1
learns,1
melting,1
mÃsica,1
accelerando,1
respectively,1
slowing,1
etymological,1
speeding,1
cadence,1
highlight,1
Spectrogram,1
playingsinging,1
speed,1
fiddle,1
members,1
Golden,1
Choral,1
highest,1
demonstrate,1
round,1
intellectual,1
supported,1
Reaction,1
Dufay,1
preceded,1
Chatham,1
Suzuki,1
Fender,1
Hz,1
embouchures,1
versus,1
socioeconomics,1
determine,1
rite,1
prehistoric,1
MusicPerforming,1
agreement,1
Nketia,1
Schwind,1
Tin,1
Alley,1
discovered,1
AABA,1
musakazo,1
JS,1
dressed,1
versechorus,1
computerized,1
attire,1
comprises,1
networking,1
sonic,1
repeating,1
layout,1
bluescitation,1
intonationcitation,1
chimes,1
Bess,1
find,1
swung,1
Primer,1
Kyle,1
opposite,1
pedigree,1
DRC,1
extremes,1
sonataallegro,1
staccato,1
Help,1
accented,1
designed,1
musiqi,1
connected,1
patron,1
playlists,1
criterion,1
achieved,1
inflection,1
fashion,1
compound,1
accent,1
lullaby,1
promotional,1
successive,1
fermatas,1
therefore,1
spirit,1
interconnected,1
Glenn,1
taped,1
Strophic,1
evident,1
Rondo,1
Houghton,1
archipelago,1
truths,1
Michal,1
ardently,1
liturgical,1
clearer,1
soloing,1
apps,1
bedroom,1
poems,1
fifth,1
Policy,1
editing,1
ideaâ€“a,1
isomorphic,1
doibjpbp,1
synths,1
innercity,1
Dynamic,1
Delalande,1
Crellin,1
pen,1
computers,1
empirical,1
valid,1
attempted,1
fiddles,1
replacement,1
Integrative,1
variation,1
owned,1
Schoenberg,1
saxophone,1
responding,1
bluesstyle,1
deemed,1
eras,1
Breves,1
muziek,1
Depending,1
richer,1
Psychiatry,1
insistent,1
melodyThis,1
doiact,1
synthesizer,1
Brahms,1
rehearsal,1
preludes,1
prevalent,1
Landeau,1
figures,1
idiosyncrasy,1
post,1
Sounds,1
hardware,1
baby,1
edition,1
evoke,1
soft,1
Descent,1
trio,1
marketplace,1
Ternary,1
relatively,1
hold,1
worked,1
Eduard,1
specify,1
termed,1
literacy,1
reaction,1
relative,1
Andy,1
Performing,1
Ritual,1
spelling,1
interpreting,1
merely,1
trademark,1
Tagen,1
aulos,1
performercitation,1
polyrhythms,1
harmonious,1
bassline,1
author,1
wasnt,1
Librariestime,1
collaborates,1
sees,1
provide,1
describing,1
passionate,1
Rauchs,1
rigid,1
beyond,1
Gottlieb,1
regardless,1
individualism,1
hire,1
current,1
arranger,1
tempos,1
denser,1
repetitiontransformation,1
skillsClownDanceGymnasticsMagicMimeMusicOperaProfessional,1
plan,1
outline,1
songwriter,1
modernera,1
movement,1
resonant,1
Bod,1
put,1
southern,1
middleclass,1
glorification,1
weight,1
centrepiece,1
healthrelated,1
essential,1
lowerincome,1
strategies,1
ticket,1
extended,1
unfamiliar,1
sales,1
fiddlers,1
experimental,1
travel,1
zither,1
overtone,1
forces,1
gut,1
Moses,1
pianos,1
Landmans,1
seeking,1
Healing,1
listen,1
encounter,1
War,1
comedy,1
Beken,1
operetta,1
darker,1
diversity,1
urban,1
welltodo,1
Public,1
gets,1
physics,1
roll,1
Gutenberg,1
phonographs,1
replay,1
measures,1
Additionally,1
pierced,1
Mountain,1
fans,1
Nonetheless,1
illegally,1
Macran,1
distinguish,1
Polish,1
gramophone,1
software,1
detail,1
classification,1
television,1
tremolo,1
Vogelweide,1
restricted,1
Southeast,1
covers,1
countered,1
body,1
upperclass,1
credit,1
Hesiod,1
Using,1
Nikkal,1
Textbooks,1
maestro,1
Pyotr,1
overdub,1
Fifth,1
artform,1
originated,1
critic,1
Joyce,1
figure,1
slides,1
guidelines,1
Ilyich,1
followed,1
Southern,1
Modern,1
organically,1
DX,1
confluence,1
blue,1
third,1
format,1
syncopation,1
rockabilly,1
Revels,1
Beethovens,1
softness,1
acousmatic,1
muzyka,1
ideas,1
object,1
Niecks,1
colors,1
stable,1
necessary,1
client,1
Igor,1
WellOrdered,1
adopted,1
subgenre,1
alterations,1
friendship,1
cosmological,1
tension,1
went,1
Gustav,1
WinningtonIngram,1
Sex,1
assessed,1
DvoÅ™Ãk,1
probes,1
rehearsed,1
highness,1
volume,1
AntonÃ­n,1
looksthe,1
tenth,1
earth,1
armed,1
Record,1
struck,1
subordinate,1
companies,1
protolanguage,1
engagements,1
Educational,1
propaganda,1
gained,1
Elizabeth,1
retail,1
emphasizing,1
organisations,1
front,1
Female,1
sessions,1
Boat,1
Homorhythmic,1
Matsunaga,1
composersongwriter,1
richness,1
raga,1
Adeste,1
twostaff,1
paper,1
incorporate,1
lighter,1
Warren,1
sister,1
serenade,1
phonograph,1
kinds,1
Masses,1
modification,1
enjoy,1
portable,1
organizing,1
expel,1
mix,1
selfportrait,1
gesture,1
prescription,1
Rhys,1
Contribute,1
thy,1
Graci,1
singable,1
backbeat,1
Outline,1
solely,1
interest,1
almost,1
income,1
overtones,1
Ball,1
elsewhere,1
evolve,1
writer,1
charts,1
Baumgarten,1
permit,1
Scores,1
thinkers,1
guitarists,1
troubled,1
abbreviated,1
loneliness,1
tab,1
standing,1
WA,1
Michel,1
diagram,1
imitate,1
shorter,1
fingerboard,1
MEG,1
Seasons,1
laid,1
Tablature,1
Four,1
Antonio,1
completing,1
mainly,1
Lucio,1
Meter,1
Telemann,1
organizers,1
balance,1
MÃches,1
humans,1
adults,1
slow,1
fast,1
piercingly,1
swing,1
joy,1
must,1
securely,1
employed,1
accents,1
reeds,1
crucial,1
buy,1
varies,1
services,1
mother,1
analog,1
anthropology,1
deciding,1
ideals,1
suggests,1
requires,1
result,1
Rome,1
great,1
devoted,1
Cogwebuclaedu,1
Davul,1
dominant,1
Machaut,1
go,1
thousands,1
Boston,1
once,1
tribute,1
growth,1
satisfied,1
instrumentation,1
Dubnov,1
printed,1
positron,1
date,1
differentiated,1
identifies,1
practicedâ€”which,1
aging,1
starting,1
artforms,1
Hamman,1
employees,1
lot,1
abilities,1
instructions,1
Buniatishvili,1
stylesâ€“or,1
Rehearsals,1
chancebased,1
Gluck,1
Christoph,1
oratorio,1
vocalinstrumental,1
avantgarde,1
den,1
select,1
randomness,1
active,1
Symphonic,1
Ewe,1
Feldman,1
landscapes,1
LutosÅ‚awski,1
Sundanese,1
OCLC,1
wind,1
traditionally,1
mentoring,1
institutional,1
examination,1
drummers,1
notates,1
Assyrians,1
coaches,1
Seeking,1
building,1
Viader,1
zurna,1
reduce,1
Branca,1
flourished,1
solos,1
voicings,1
cadenzas,1
connections,1
ReadView,1
smaller,1
core,1
Persian,1
Find,1
verse,1
news,1
newspapers,1
jazzrelated,1
subdisciplines,1
grand,1
Your,1
Wheeler,1
ceremonial,1
product,1
aim,1
Create,1
Fake,1
tablature,1
Abbott,1
Theban,1
divertimento,1
Others,1
vocals,1
voicelike,1
bandleader,1
keyboardist,1
practitioners,1
White,1
viola,1
violins,1
Professor,1
artmusic,1
Symbolic,1
theorbo,1
Guaranteed,1
lowness,1
expected,1
fretted,1
processions,1
competitions,1
medium,1
Performers,1
metaphysics,1
intimate,1
within,1
framework,1
passing,1
viol,1
selected,1
consisted,1
If,1
ease,1
remedy,1
remixes,1
Musicspecific,1
mashes,1
Manifestations,1
consumes,1
gain,1
aspiring,1
Facebook,1
websites,1
Another,1
feminine,1
partly,1
transformed,1
broadband,1
follow,1
wellknown,1
Guinness,1
device,1
centered,1
participating,1
Audiences,1
beginner,1
widening,1
Korea,1
participate,1
focuses,1
overview,1
taking,1
Massachusetts,1
receive,1
level,1
instrumentplaying,1
against,1
recorder,1
conducive,1
recall,1
cooperation,1
courses,1
counting,1
concentration,1
Involvement,1
Ethnomusicologist,1
incorporation,1
multimonitor,1
Iran,1
theaters,1
Armstrong,1
firstrun,1
Works,1
organists,1
Mp,1
listened,1
broadcast,1
teach,1
setup,1
motion,1
DAW,1
workstation,1
cinema,1
JeanJacques,1
artists,1
console,1
authority,1
roles,1
Wolstencroft,1
Edwina,1
Noise,1
MIDI,1
Instrument,1
programmed,1
scratching,1
jockey,1
Sometimes,1
Whatever,1
Intellectual,1
Crammer,1
Brand,1
Gamelan,1
Big,1
labeled,1
Pittsburgh,1
Platel,1
appeared,1
ad,1
mechanical,1
advertisements,1
eliminated,1
featured,1
uniquely,1
varied,1
moys,1
documented,1
civilizations,1
Ethnology,1
Chief,1
Guardian,1
chief,1
Blackfoot,1
Developmental,1
Frances,1
NonWestern,1
conceptualised,1
newsletter,1
argues,1
principle,1
bird,1
segmentation,1
paradigmatic,1
Langage,1
Ruwets,1
ou,1
Genres,1
program,1
Shipton,1
talavadya,1
Dhrupad,1
internationally,1
Story,1
Porgy,1
International,1
Blue,1
presentation,1
mythe,1
fuse,1
Irish,1
Scottish,1
produces,1
merged,1
contact,1
come,1
neatly,1
Among,1
argument,1
actual,1
informal,1
merry,1
alreadyestablished,1
DVD,1
Instead,1
Individuals,1
item,1
Humber,1
McGill,1
Berklee,1
conservatory,1
forums,1
profession,1
postsecondary,1
specialized,1
professors,1
buttons,1
machine,1
teaching,1
Scientiae,1
Cobb,1
Timothy,1
mathematics,1
Herzog,1
analytic,1
contrasted,1
doimlX,1
Speculative,1
atonal,1
Current,1
applied,1
classes,1
Jack,1
editor,1
broadly,1
Nederlands,1
undergraduate,1
Students,1
enriched,1
Oceanian,1
discipline,1
comparative,1
informally,1
howto,1
biased,1
protesting,1
communitybased,1
timebased,1
match,1
forming,1
proven,1
attributes,1
tonal,1
depends,1
toward,1
translation,1
educational,1
ethnicity,1
Culture,1
researchers,1
numerous,1
providing,1
senses,1
pleases,1
cheesecake,1
evolutionpage,1
spawned,1
lesson,1
showing,1
Han,1
Sociomusicology,1
mentioned,1
intent,1
define,1
spatial,1
identification,1
approaching,1
stage,1
therapists,1
achieve,1
manipulated,1
entertaining,1
independently,1
discrete,1
priorities,1
Computers,1
personal,1
depending,1
align,1
magnetoencephalography,1
test,1
opportunity,1
formulate,1
interactive,1
exacting,1
Few,1
vastly,1
goal,1
modeling,1
emission,1
electroencephalography,1
artificial,1
transcranial,1
Henry,1
resonance,1
observations,1
reliance,1
ancillary,1
behaviours,1
mechanisms,1
Bedlam,1
neuroscience,1
investigated,1
functioned,1
household,1
advantage,1
pressures,1
Musicality,1
prosumer,1
animal,1
psychophysics,1
dArion,1
responses,1
ethnographic,1
stored,1
model,1
Amerindian,1
Procedure,1
computation,1
Texas,1
Biologically,1
Grunting,1
investigates,1
interdisciplinary,1
however,1
plenty,1
maledominated,1
business,1
popmusic,1
extreme,1
Philharmonic,1
Vienna,1
topranked,1
men,1
Montreal,1
Orchestre,1
acceptable,1
Canadian,1
sourceView,1
percentage,1
encyclopedias,1
Harnsberger,1
indicated,1
significantly,1
Wikibooks,1
huge,1
singersongwriters,1
Hoboken,1
Radio,1
materially,1
ones,1
Alison,1
refuse,1
photos,1
onstage,1
sexy,1
look,1
pressure,1
criticsmusic,1
face,1
talent,1
appearances,1
judged,1
engineering,1
journalism,1
Rhodian,1
criticismmusic,1
girl,1
pastime,1
sitting,1
Rather,1
value,1
separated,1
drink,1
theatres,1
nightclubs,1
countryâ€”are,1
introduce,1
musicâ€”including,1
quietly,1
aboveaverage,1
churches,1
Relation,1
High,1
milieus,1
Perception,1
values,1
shared,1
noncommercial,1
accident,1
participatory,1
electronica,1
educators,1
Related,1
featuring,1
departments,1
pursued,1
sociological,1
examined,1
introducedcitation,1
nonmusic,1
creates,1
Navy,1
bebopera,1
serialism,1
experts,1
Rens,1
break,1
ska,1
status,1
nonart,1
incomescitation,1
incomes,1
Extreme,1
Johns,1
male,1
CBC,1
shocking,1
Rebeatmagcom,1
REBEAT,1
Songwriters,1
Pioneering,1
Erika,1
IASPM,1
references,1
Rosina,1
Inequality,1
Berkers,1
Pauwke,1
Julian,1
Formation,1
Portlands,1
Vanderbilt,1
Peterson,1
Bennett,1
Virtual,1
Collaboration,1
Junior,1
Democritus,1
Vituss,1
Bodine,1
cured,1
Chiron,1
cf,1
Hopkins,1
Global,1
Woodall,1
Local,1
project,1
AdAccess,1
Universitys,1
Trial,1
Today,1
enters,1
Audio,1
So,1
Off,1
Sounding,1
Contact,1
Changes,1
Demorest,1
doijx,1
Thompson,1
Balkwill,1
crosscultural,1
prefer,1
Soley,1
Pinkers,1
Carroll,1
Nature,1
Morrison,1
WMC,1
PSYCHOLOGY,1
Emotions,1
Of,1
Origin,1
Function,1
Perlovsky,1
Musicae,1
wolves,1
hyenas,1
Clevelend,1
Scenes,1
Authenticity,1
Economy,1
Grazian,1
Victoria,1
Parkville,1
Harding,1
Languages,1
Rosevear,1
RL,1
Body,1
Twentieth,1
Dover,1
doijneuroimage,1
NeuroImage,1
semantic,1
Eustache,1
Groussard,1
doimp,1
Lost,1
Jungbluth,1
dictionary,1
here,1
About,1
ArticleTalk,1
Log,1
account,1
Not,1
menu,1
Authority,1
continent,1
dictionaries,1
specialised,1
Special,1
volumes,1
ten,1
â€”,1
Wikiversity,1
Wikisource,1
Quotations,1
News,1
Wiktionary,1
paperback,1
Bourne,1
under,1
statementWikimedia,1
viewDevelopersStatisticsCookie,1
WikipediaMobile,1
registered,1
Wikipedia®,1
Use,1
site,1
apply,1
License,1
Creative,1
Mifflin,1
Text,1
edited,1
VÃneto,1
æ—¥æœèž,1
Latina,1
Italiano,1
í•œêµ­ì–,1
EspaÃ±ol,1
Deutsch,1
Printable,1
Mike,1
Frames,1
Howard,1
Gordon,1
Willi,1
Revised,1
Department,1
psychoses,1
British,1
Exploratory,1
inpatients,1
Nakul,1
Basic,1
approach,1
Mental,1
Treatment,1
Approach,1
Meditation,1
Mathew,1
Memorial,1
Tarantella,1
Hormones,1
Humanities,1
eISSN,1
Heritage,1
Blackwell,1
Eleonora,1
Rocconi,1
Tosca,1
Penelope,1
Prehistory,1
Orion,1
PMC,1
ISSN,1
lions,1
doirstb,1
Philosophical,1
constraints,1
Five,1
Willem,1
Zatorre,1
Isabelle,1
Peretz,1
Is,1
Books,1
reflects,1
Michigan,1
WW,1
Endymion,1
Indias,1
doiBFb,1
RE,1
Abhinav,1
CA,1
T,1
switch,1
principles,1
Ann,1
digitalegyptuclacuk,1
seem,1
documents,1
interchangeably,1
phrases,1
Muse,1
mousikos,1
descended,1
discredited,1
List,1
mÃtre,1
Madison,1
Development,1
Marie,1
Stolba,1
Musicologica,1
Acta,1
Egyptiens,1
anciens,1
vocale,1
la,1
Styles,1
Rythme,1
Januaryâ€“March,1
Council,1
Dynastie,1
IVÃme,1
GuÃ®zah,1
Mastaba,1
Zikr,1
Arbor,1
Metal,1
impairments,1
souls,1
Folk,1
patients,1
stimulate,1
encourage,1
exercise,1
stress,1
Cohen,1
selfesteem,1
Lynch,1
build,1
deal,1
medical,1
psychiatric,1
relationships,1
instances,1
maintain,1
Rajagopal,1
facetsâ€”physical,1
trained,1
Naval,1
sailor,1
fiddler,1
Index,1
colleagues,1
Jamila,1
treated,1
illnesses,1
Ottoman,1
Savage,1
devout,1
enamoured,1
lover,1
Benchmark,1
Tools,1
Canus,1
pointed,1
proceedings,1
sovereign,1
excellent,1
noted,1
treating,1
critical,1
pertaining,1
unabridged,1
Jensen,1
Literary,1
WWNorton,1
Brandt,1
Proceeding,1
Life,1
Russell,1
Angeles,1
Los,1
Essential,1
Lindsey,1
Tan,1
Element,1
hdlucb,1
Class,1
Times,1
Review,1
Frederick,1
Springer,1
Gestalt,1
Shlomo,1
Capo,1
Technology,1
Travel,1
primates,1
Did,1
Edward,1
Chapter,1
Man,1
Tabor,1
enculturation,1
Structure,1
Systems,1
Da,1
investigating,1
tool,1
Perspectives,1
ai,1
Understanding,1
cornerstone,1
AI,1
Significance,1
HarrÃ,1
Pfordresher,1
Printworld,1
TraitÃ,1
Schaeffer,1
Print,1
Comprehensive,1
Friedrich,1
Blume,1
trumpetsdsuedu,1
Thornburgh,1
Elaine,1
Balaban,1
objets,1
Volume,1
Duke,1
temples,1
Verlag,1
Olms,1
Harmonics,1
Stewart,1
accessed,1
Melodic,1
Babylonian,1
Laurie,1
acute,1
httpswwwgovukgovernmentpublicationsnationalcurriculuminenglandmusicprogrammesofstudy,1
programmes,1
Govuk,1
policyAbout,1
httpwwwnafmeorgmyclassroomstandardscoremusicstandards,1
httpwwweducationgovukschoolsteachingandlearningcurriculumprimarybmusic,1
Curriculum,1
Martins,1
Writing,1
resolution,1
Chronicles,1
things,1
cram,1
lively,1
artsSound,1
Continuum,1
Alyn,1
Paris,1
Le,1
musicaux,1
Spain,1
consensus,1
illness,1
rdbridged,1
wrestlingPuppetrySpeechStandup,1
assist,1
accepted,1
Talk,1
Bernsteins,1
institutionalized,1
Schaap,1
literary,1
poÃsie,1
catchy,1
inconsistencies,1
produce,1
contention,1
Remedy,1
repeated,1
Improvisers,1
indication,1
Dans,1
Ed,1
seven,1
disambiguation,1
nonprofit,1
Ismenias,1
Jump,1
accurately,1
smartphones,1
philosophers,1
Kirszner,1
heterophony,1
universally,1
debated,1
liveaboutcom,1
Expressive,1
societies,1
Harappa,1
wellstructured,1
Gann,1
spiritual,1
AttributionShareAlike,1
Printexport,1
Lee,1
natural,1
Upload,1
limited,1
deliberately,1
corresponding,1
behind,1
TR,1
kendang,1
computationally,1
Ilango,1
Musesn,1
necessitated,1
pages,1
strict,1
emphasised,1
phased,1
support,1
encompasses,1
syncretism,1
subsection,1
manipulating,1
masters,1
harps,1
muzÃ¯ka,1
Museum,1
brainbased,1
electronically,1
Khatia,1
MediaWiki,1
Kwabena,1
Vivaldi,1
Note,1
Recognition,1
clearly,1
Walther,1
application,1
Circular,1
Christian,1
Chamber,1
cheering,1
Interface,1
aligned,1
chance,1
Variation,1
boys,1
Complementary,1
allocation,1
And,1
file,1
Aâ™¯,1
suites,1
permanent,1
Logan,1
PET,1
stimulation,1
encyclopedia,1
forerunner,1
semiprotected,1
virtuoso,1
celebrations,1
nationalistic,1
carried,1
derived,1
Random,1
mode,1
venue,1
decides,1
empire,1
highlighted,1
leader,1
doubling,1
certain,1
Aung,1
start,1
partially,1
hop,1
Javanese,1
Innovation,1
Garland,1
smoothly,1
textbooks,1
=,1
FranÃoisBernard,1
kings,1
spaces,1
mood,1
spike,1
conventions,1
Westport,1
serve,1
soundtrack,1
antiquity,1
WebmedCentral,1
Nakht,1
hymns,1
specified,1
rising,1
Hubbard,1
Adigal,1
imaging,1
allowed,1
Sir,1
R,1
turns,1
Intelligences,1
unperformable,1
brought,1
complexity,1
Rote,1
synthesis,1
Produce,1
excavations,1
revolves,1
Parlorsongscom,1
Geetha,1
whom,1
Definitions,1
vertical,1
Kelsey,1
Grooved,1
melancholia,1
Gâ™¯,1
Translocal,1
AlFarabi,1
extremely,1
truly,1
benefiting,1
highspeed,1
Over,1
bow,1
extends,1
wide,1
translated,1
anything,1
loanwords,1
today,1
Readings,1
service,1
mouthpieces,1
recital,1
past,1
multiethnic,1
Haydn,1
typical,1
voiceeliminated,1
scare,1
initially,1
comparison,1
Tchaikovsky,1
Nashville,1
precursors,1
Darwins,1
established,1
shakuhachicitation,1
Italian,1
quote,1
Flutes,1
midth,1
courtly,1
Russian,1
industrial,1
structured,1
orchestration,1
Ziembroski,1
frequently,1
bassoon,1
alteration,1
density,1
findings,1
component,1
devotional,1
comfortably,1
arranging,1
contracts,1
SchmidtJones,1
programme,1
talas,1
Fideles,1
Everything,1
Precise,1
sampled,1
Homer,1
dissonance,1
intended,1
rhapsody,1
Desgranges,1
reside,1
screen,1
tasks,1
pursue,1
regional,1
freedom,1
decisions,1
TB,1
Categories,1
appreciation,1
powerful,1
Multiple,1
Lateperiod,1
market,1
Spanish,1
deeper,1
passions,1
sasando,1
backing,1
Hoad,1
riffs,1
steel,1
aristocratic,1
grammar,1
streaming,1
topic,1
suited,1
randomised,1
tomography,1
revealed,1
Leonard,1
Ebcioglu,1
technÄ“â€”Î¼Î¿Ï…ÏƒÎÎÎ®,1
assisting,1
Jerrold,1
chosen,1
TV,1
session,1
authors,1
CE,1
passage,1
Mughals,1
jingling,1
story,1
emergence,1
defence,1
microtonal,1
Hymn,1
AFM,1
pauses,1
instance,1
embodied,1
aimed,1
Imperial,1
Sculptures,1
Therapies,1
Songye,1
contributed,1
worldâ€”references,1
endeavors,1
bachelors,1
Tomb,1
majorminor,1
les,1
space,1
clavichord,1
Londons,1
Dutch,1
disciplined,1
scorewriter,1
grouping,1
orally,1
competed,1
fundamentals,1
NAfME,1
width,1
saith,1
started,1
Hannon,1
characteristic,1
reflect,1
least,1
kithara,1
Bruno,1
scriptures,1
Pan,1
elaborate,1
moviehouse,1
Bebop,1
holes,1
Naxi,1
consisting,1
sponsorship,1
working,1
polyphonically,1
side,1
users,1
legends,1
variants,1
recorders,1
throughcomposed,1
Ohio,1
plucked,1
massproduce,1
incidentally,1
caught,1
yue,1
basslines,1
lutes,1
longest,1
otherwise,1
promoting,1
outlining,1
Traditional,1
breeze,1
allfemale,1
Eastern,1
radios,1
entire,1
amount,1
Importance,1
Hardcover,1
MusiciansHistory,1
scope,1
themusic,1
Exact,1
discouraged,1
Wiley,1
horrors,1
Magazine,1
Ï„Î­Ï‡Î½Î·â€”literally,1
Emotional,1
prelude,1
variational,1
adj,1
Afghan,1
Bureau,1
Present,1
metallophones,1
shifting,1
convey,1
digitally,1
Paper,1
Burtons,1
Stratocaster,1
BedfordSt,1
open,1
inserting,1
denote,1
boss,1
acknowledge,1
Rebecca,1
Christopher,1
tend,1
Willibald,1
publisher,1
placed,1
Important,1
choice,1
Gongs,1
Densmore,1
inseparable,1
Several,1
thicker,1
Until,1
angklung,1
island,1
originator,1
migrated,1
Bronze,1
comedyTheatreVentriloquism,1
Waltz,1
Infants,1
sheets,1
assuage,1
Thebes,1
age,1
correctly,1
kind,1
special,1
lyre,1
resistance,1
towns,1
Classic,1
anyone,1
Knowledge,1
Ncube,1
schizophrenic,1
contrasting,1
doublereed,1
Rhapsody,1
deals,1
Mixed,1
confused,1
Balinese,1
focused,1
sonatas,1
Mortimer,1
Human,1
Symphonique,1
Daro,1
Mohenjo,1
reaching,1
Rigveda,1
biological,1
prolific,1
groupings,1
spot,1
Night,1
derive,1
rhythmically,1
previously,1
fantasia,1
Pinker,1
Arabia,1
Tonality,1
Shona,1
Portfolio,1
finest,1
Mahler,1
Binary,1
contrapuntal,1
Clementi,1
aristocracy,1
BWV,1
etccitation,1
frame,1
emerged,1
FrancoFlemish,1
Belgium,1
guests,1
vectormid,1
Written,1
Lassus,1
Palestrina,1
Pierluigi,1
Group,1
Adaptation,1
Dalia,1
ornithomusicology,1
represented,1
collected,1
Computer,1
superior,1
cortex,1
Catherine,1
creativity,1
investigations,1
gap,1
perceptions,1
interaction,1
observation,1
interwoven,1
data,1
tends,1
pianist,1
subfields,1
Records,1
Cello,1
mass,1
ornamented,1
Sebastian,1
asked,1
Revolution,1
classifying,1
crossdisciplinary,1
viewed,1
Tiv,1
existed,1
Alongside,1
characteristics,1
Handel,1
France,1
tell,1
MPs,1
hominis,1
dies,1
Gutenbergs,1
advance,1
messages,1
Europeaninfluenced,1
trial,1
pentatonicdiatonic,1
suling,1
bamboo,1
XXTH,1
sharing,1
prized,1
RutherfordJohnson,1
purest,1
stone,1
dhikr,1
experienced,1
Alone,1
larger,1
quickly,1
method,1
Orlande,1
principally,1
you,1
handcopied,1
completely,1
Harry,1
prior,1
TMS,1
invented,1
Arabic,1
categorized,1
perceives,1
Institute,1
aleatoric,1
inspiration,1
celebration,1
Rom,1
mesure,1
disagreement,1
professor,1
swath,1
Italy,1
harsher,1
gave,1
please,1
agglomerated,1
mixer,1
interweaving,1
pride,1
considerable,1
Selection,1
evaluated,1
Tim,1
Un,1
figured,1
Companions,1
Missal,1
anywhere,1
Cymbals,1
criticized,1
heavily,1
pitched,1
longing,1
infancy,1
attested,1
preschool,1
DJ,1
instrumentale,1
diplomas,1
spandrel,1
intentional,1
surrounds,1
urbanites,1
Archive,1
preferred,1
simultaneous,1
relevance,1
Emanuel,1
cohesion,1
Heart,1
technical,1
funk,1
technologies,1
der,1
offered,1
Gender,1
repertory,1
Comes,1
game,1
search,1
attributed,1
PortuguÃs,1
Java,1
mythology,1
widespread,1
Polyhymnia,1
whatsoever,1
Along,1
His,1
representational,1
Nicolas,1
Compositions,1
al,1
Xizai,1
distributors,1
falling,1
room,1
hymnstyle,1
hears,1
labor,1
navigationJump,1
replaced,1
da,1
Moritz,1
tales,1
emphasize,1
Gilliland,1
generalizations,1
Illnesses,1
nobles,1
native,1
reflecting,1
lyres,1
MUNMED,1
Percussion,1
clarinets,1
manage,1
flutes,1
freelancers,1
northern,1
Core,1
Landscapes,1
Download,1
graphic,1
Predynastic,1
Amun,1
octave,1
expensive,1
Talwar,1
centaur,1
silences,1
Live,1
quite,1
Show,1
influences,1
subjects,1
download,1
fact,1
amateurs,1
replace,1
passed,1
perhaps,1
thousand,1
Around,1
convention,1
question,1
lasted,1
fortepiano,1
Contemporary,1
Greeks,1
Germany,1
screens,1
Sufi,1
majority,1
USA,1
belowaverage,1
Witold,1
blown,1
AHD,1
lineâ€“created,1
lateral,1
bones,1
Debhen,1
wooden,1
conjunction,1
despair,1
Singer,1
newspaper,1
predators,1
narrowing,1
precedence,1
Silappadhikaram,1
interweave,1
divine,1
global,1
mating,1
networks,1
etude,1
epitaph,1
Byzantine,1
rise,1
actively,1
mÅsican,1
physiological,1
Vedas,1
Seikilos,1
archaeological,1
Frideric,1
longdistance,1
Ravanahatha,1
unit,1
Search,1
Cite,1
Hammerstein,1
parallels,1
performs,1
nu,1
Kirkendall,1
UTC,1
